<?xml version="1.0" encoding="UTF-8"?>
<metadata xml:lang="es"><Esri><CreaDate>20200228</CreaDate><CreaTime>14322300</CreaTime><ArcGISFormat>1.0</ArcGISFormat><ArcGISstyle>Item Description</ArcGISstyle><SyncOnce>FALSE</SyncOnce><DataProperties><itemProps><itemName Sync="TRUE">scat</itemName><imsContentType Sync="TRUE">002</imsContentType><itemLocation><linkage Sync="TRUE">file://\\SIEM7108EXE\D$\Contenedor\Users\hcalderon\Desktop\GIC\PUBLICACION DE DATOS\publicacion_28_02_2020\MR_0220.gdb</linkage><protocol Sync="TRUE">Local Area Network</protocol></itemLocation><relatedItems><item><itemName/></item></relatedItems></itemProps><coordRef><type Sync="TRUE">Projected</type><geogcsn Sync="TRUE">GCS_MAGNA</geogcsn><peXml Sync="TRUE">&lt;ProjectedCoordinateSystem xsi:type='typens:ProjectedCoordinateSystem' xmlns:xsi='http://www.w3.org/2001/XMLSchema-instance' xmlns:xs='http://www.w3.org/2001/XMLSchema' xmlns:typens='http://www.esri.com/schemas/ArcGIS/2.1.0'&gt;&lt;WKT&gt;PROJCS[&amp;quot;MAGNA_Ciudad_Bogota&amp;quot;,GEOGCS[&amp;quot;GCS_MAGNA&amp;quot;,DATUM[&amp;quot;D_MAGNA&amp;quot;,SPHEROID[&amp;quot;GRS_1980_mod&amp;quot;,6380687.0,298.257222101]],PRIMEM[&amp;quot;Greenwich&amp;quot;,0.0],UNIT[&amp;quot;Degree&amp;quot;,0.0174532925199433]],PROJECTION[&amp;quot;Transverse_Mercator&amp;quot;],PARAMETER[&amp;quot;False_Easting&amp;quot;,92334.879],PARAMETER[&amp;quot;False_Northing&amp;quot;,109320.965],PARAMETER[&amp;quot;Central_Meridian&amp;quot;,-74.14659166666667],PARAMETER[&amp;quot;Scale_Factor&amp;quot;,1.0],PARAMETER[&amp;quot;Latitude_Of_Origin&amp;quot;,4.6804861111111],UNIT[&amp;quot;Meter&amp;quot;,1.0]]&lt;/WKT&gt;&lt;XOrigin&gt;-5533100&lt;/XOrigin&gt;&lt;YOrigin&gt;-10414600&lt;/YOrigin&gt;&lt;XYScale&gt;10000&lt;/XYScale&gt;&lt;ZOrigin&gt;0&lt;/ZOrigin&gt;&lt;ZScale&gt;1&lt;/ZScale&gt;&lt;MOrigin&gt;-100000&lt;/MOrigin&gt;&lt;MScale&gt;10000&lt;/MScale&gt;&lt;XYTolerance&gt;0.001&lt;/XYTolerance&gt;&lt;ZTolerance&gt;2&lt;/ZTolerance&gt;&lt;MTolerance&gt;2&lt;/MTolerance&gt;&lt;HighPrecision&gt;true&lt;/HighPrecision&gt;&lt;/ProjectedCoordinateSystem&gt;</peXml><csUnits Sync="TRUE">Linear Unit: Meter (1.000000)</csUnits><projcsn Sync="TRUE">MAGNA_Ciudad_Bogota</projcsn></coordRef><lineage><Process ToolSource="C:\Program Files (x86)\ArcGIS\Desktop10.0\ArcToolbox\Toolboxes\Data Management Tools.tbx\CopyFeatures" Date="20150922" Time="081349">CopyFeatures D:\dagonzalez\07_MR\ENTREGA_MR_09-15\BDG\borre.gdb\Area_Catastral\SCat D:\dagonzalez\07_MR\ENTREGA_MR_09-15\BDG\MR_0915.gdb\Area_Catastral\SCat # 0 0 0</Process><Process ToolSource="c:\program files (x86)\arcgis\desktop10.1\ArcToolbox\Toolboxes\Data Management Tools.tbx\TruncateTable" Date="20160331" Time="110832">TruncateTable "D:\Contenedor PINZON\Trabajo\2016\01 MR\MR_V.03.16\04 Base de Datos\MR_0316.gdb\Area_Catastral\SCat"</Process><Process ToolSource="c:\program files (x86)\arcgis\desktop10.1\ArcToolbox\Toolboxes\Data Management Tools.tbx\TruncateTable" Date="20160712" Time="115820">TruncateTable "D:\Contenedor PINZON\Trabajo\2016\01 MR\MR_V.06.16\06 base de datos\MR_0616.gdb\Area_Catastral\SCat"</Process><Process ToolSource="c:\arcgis\desktop10.4\ArcToolbox\Toolboxes\Data Management Tools.tbx\TruncateTable" Date="20170221" Time="145050">TruncateTable C:\Users\catastro\Documents\conexion\AZURE@ORDENAMIENTOTERRITORIAL.sde\ORDENAMIENTOTERRITORIAL.Catastro\ORDENAMIENTOTERRITORIAL.Catastro_SCat</Process><Process ToolSource="c:\arcgis\desktop10.4\ArcToolbox\Toolboxes\Data Management Tools.tbx\Append" Date="20170221" Time="145137">Append C:\Users\catastro\Downloads\MR_1216_3857\MR_1216_3857.gdb\Area_Catastral_wgs84\SCat_1 C:\Users\catastro\Documents\conexion\AZURE@ORDENAMIENTOTERRITORIAL.sde\ORDENAMIENTOTERRITORIAL.Catastro\ORDENAMIENTOTERRITORIAL.Catastro_SCat NO_TEST "SCACODIGO "Identificador unico del sector catastral" true true false 6 Text 0 0 ,First,#,C:\Users\catastro\Downloads\MR_1216_3857\MR_1216_3857.gdb\Area_Catastral_wgs84\SCat_1,SCaCodigo,-1,-1;SCATIPO "Tipo de sector catastral" true true false 4 Long 0 10 ,First,#,C:\Users\catastro\Downloads\MR_1216_3857\MR_1216_3857.gdb\Area_Catastral_wgs84\SCat_1,SCaTipo,-1,-1;SCANOMBRE "Nombre del sector catastral" true true false 60 Text 0 0 ,First,#,C:\Users\catastro\Downloads\MR_1216_3857\MR_1216_3857.gdb\Area_Catastral_wgs84\SCat_1,SCaNombre,-1,-1;SHAPE.AREA "SHAPE.AREA" false false true 0 Double 0 0 ,First,#;SHAPE.LEN "SHAPE.LEN" false false true 0 Double 0 0 ,First,#" #</Process><Process Name="Truncate Table" ToolSource="c:\arcgis\desktop10.4\ArcToolbox\Toolboxes\Data Management Tools.tbx\TruncateTable" Date="20170412" Time="124014">TruncateTable C:\Users\catastro\Documents\conexion\AZURE@ORDENAMIENTOTERRITORIAL.sde\ORDENAMIENTOTERRITORIAL.Catastro\ORDENAMIENTOTERRITORIAL.Catastro_SCat</Process><Process Name="Append" ToolSource="c:\arcgis\desktop10.4\ArcToolbox\Toolboxes\Data Management Tools.tbx\Append" Date="20170412" Time="124016">Append C:\Users\catastro\Documents\IDECA\MR_0317_4326\MR_0317_4326.gdb\Area_Catastral\SCat C:\Users\catastro\Documents\conexion\AZURE@ORDENAMIENTOTERRITORIAL.sde\ORDENAMIENTOTERRITORIAL.Catastro\ORDENAMIENTOTERRITORIAL.Catastro_SCat TEST # #</Process><Process Name="Truncate Table" ToolSource="c:\program files (x86)\arcgis\desktop10.4\ArcToolbox\Toolboxes\Data Management Tools.tbx\TruncateTable" Date="20170714" Time="110014">TruncateTable D:\dagonzalez\08_BDG\CONEXIONES_BDG\Azure\AZURE@ORDENAMIENTOTERRITORIAL.sde\ORDENAMIENTOTERRITORIAL.Catastro\ORDENAMIENTOTERRITORIAL.Catastro_SCat</Process><Process Name="Append" ToolSource="c:\program files (x86)\arcgis\desktop10.4\ArcToolbox\Toolboxes\Data Management Tools.tbx\Append" Date="20170714" Time="110353">Append D:\dagonzalez\02_MapaBase\Plantilla_MR06.17-v13\MR_0617_4326.gdb\Area_Catastral\SCat D:\dagonzalez\08_BDG\CONEXIONES_BDG\Azure\AZURE@ORDENAMIENTOTERRITORIAL.sde\ORDENAMIENTOTERRITORIAL.Catastro\ORDENAMIENTOTERRITORIAL.Catastro_SCat TEST # #</Process><Process Name="Truncate Table" ToolSource="c:\program files (x86)\arcgis\desktop10.4\ArcToolbox\Toolboxes\Data Management Tools.tbx\TruncateTable" Date="20171025" Time="132604">TruncateTable C:\Users\catastro\Documents\conexion\AZURE@ORDENAMIENTOTERRITORIAL.sde\ORDENAMIENTOTERRITORIAL.Catastro\ORDENAMIENTOTERRITORIAL.Catastro_SCat</Process><Process Name="Append" ToolSource="c:\program files (x86)\arcgis\desktop10.4\ArcToolbox\Toolboxes\Data Management Tools.tbx\Append" Date="20171025" Time="132611">Append C:\Users\catastro\Documents\IDECA\MR_0917_4326\MR_0917_4326.gdb\Area_Catastral\SCat C:\Users\catastro\Documents\conexion\AZURE@ORDENAMIENTOTERRITORIAL.sde\ORDENAMIENTOTERRITORIAL.Catastro\ORDENAMIENTOTERRITORIAL.Catastro_SCat TEST # #</Process><Process Name="Truncate Table" ToolSource="c:\program files (x86)\arcgis\desktop10.4\ArcToolbox\Toolboxes\Data Management Tools.tbx\TruncateTable" Date="20180130" Time="134002">TruncateTable C:\Users\catastro\Documents\conexion\AZURE@ORDENAMIENTOTERRITORIAL.sde\ORDENAMIENTOTERRITORIAL.Catastro\ORDENAMIENTOTERRITORIAL.Catastro_SCat</Process><Process Name="Append" ToolSource="c:\program files (x86)\arcgis\desktop10.4\ArcToolbox\Toolboxes\Data Management Tools.tbx\Append" Date="20180130" Time="134010">Append C:\Users\catastro\Documents\IDECA\MR_1217_4326.gdb\Area_Catastral\SCat C:\Users\catastro\Documents\conexion\AZURE@ORDENAMIENTOTERRITORIAL.sde\ORDENAMIENTOTERRITORIAL.Catastro\ORDENAMIENTOTERRITORIAL.Catastro_SCat TEST # #</Process><Process Name="Truncate Table" ToolSource="c:\program files (x86)\arcgis\desktop10.4\ArcToolbox\Toolboxes\Data Management Tools.tbx\TruncateTable" Date="20180418" Time="114914">TruncateTable C:\Users\catastro\Documents\conexion\AZURE@ORDENAMIENTOTERRITORIAL.sde\ORDENAMIENTOTERRITORIAL.Catastro\ORDENAMIENTOTERRITORIAL.Catastro_SCat</Process><Process Name="Append" ToolSource="c:\program files (x86)\arcgis\desktop10.4\ArcToolbox\Toolboxes\Data Management Tools.tbx\Append" Date="20180418" Time="115337">Append C:\Users\catastro\Documents\IDECA\MR_4326.gdb\Area_Catastral\SCat C:\Users\catastro\Documents\conexion\AZURE@ORDENAMIENTOTERRITORIAL.sde\ORDENAMIENTOTERRITORIAL.Catastro\ORDENAMIENTOTERRITORIAL.Catastro_SCat TEST # #</Process><Process ToolSource="c:\program files (x86)\arcgis\desktop10.5\ArcToolbox\Toolboxes\Data Management Tools.tbx\TruncateTable" Date="20180730" Time="130717">TruncateTable C:\Users\catastro\Documents\conexion\AZURE@ORDENAMIENTOTERRITORIAL.sde\ORDENAMIENTOTERRITORIAL.Catastro\ORDENAMIENTOTERRITORIAL.Catastro_SCat</Process><Process ToolSource="c:\program files (x86)\arcgis\desktop10.5\ArcToolbox\Toolboxes\Data Management Tools.tbx\Append" Date="20180730" Time="130814">Append C:\Users\catastro\Documents\IDECA\MR_0618_4326.gdb\Area_Catastral\SCat C:\Users\catastro\Documents\conexion\AZURE@ORDENAMIENTOTERRITORIAL.sde\ORDENAMIENTOTERRITORIAL.Catastro\ORDENAMIENTOTERRITORIAL.Catastro_SCat TEST # #</Process><Process Name="Append (2)" ToolSource="c:\program files (x86)\arcgis\desktop10.5\ArcToolbox\Toolboxes\Data Management Tools.tbx\Append" Date="20181019" Time="112258">Append C:\Users\catastro\Documents\IDECA\MR_4326.gdb\Area_Catastral\SCat C:\Users\catastro\Documents\conexion\AZURE@ORDENAMIENTOTERRITORIAL.sde\ORDENAMIENTOTERRITORIAL.Catastro\ORDENAMIENTOTERRITORIAL.Catastro_SCat TEST # #</Process><Process Name="Truncate Table" ToolSource="c:\program files (x86)\arcgis\desktop10.5\ArcToolbox\Toolboxes\Data Management Tools.tbx\TruncateTable" Date="20190207" Time="152421">TruncateTable "Database Connections\AZURE@ORDENAMIENTOTERRITORIAL.sde\ORDENAMIENTOTERRITORIAL.Catastro\ORDENAMIENTOTERRITORIAL.Catastro_SCat"</Process><Process Name="Append" ToolSource="c:\program files (x86)\arcgis\desktop10.5\ArcToolbox\Toolboxes\Data Management Tools.tbx\Append" Date="20190207" Time="152452">Append C:\Users\Ideca\Documents\mr_4326.gdb\Area_Catastral\SCat "Database Connections\AZURE@ORDENAMIENTOTERRITORIAL.sde\ORDENAMIENTOTERRITORIAL.Catastro\ORDENAMIENTOTERRITORIAL.Catastro_SCat" TEST # #</Process><Process ToolSource="c:\program files (x86)\arcgis\desktop10.5\ArcToolbox\Toolboxes\Data Management Tools.tbx\DeleteFeatures" Date="20190430" Time="175241">DeleteFeatures "Database Connections\dagonzalez@azure.sde\ORDENAMIENTOTERRITORIAL.Catastro\ORDENAMIENTOTERRITORIAL.Catastro_SCat"</Process><Process ToolSource="c:\program files\arcgis\server\ArcToolbox\Toolboxes\Data Management Tools.tbx\TruncateTable" Date="20190729" Time="153245">TruncateTable E:\CargueInformacion\MapasPro.sde\ORDENAMIENTOTERRITORIAL.Catastro\ORDENAMIENTOTERRITORIAL.Catastro_SCat</Process><Process ToolSource="c:\program files\arcgis\server\ArcToolbox\Toolboxes\Data Management Tools.tbx\Append" Date="20190729" Time="153352">Append E:\CargueInformacion\scratch.gdb\sectoresproW E:\CargueInformacion\MapasPro.sde\ORDENAMIENTOTERRITORIAL.Catastro\ORDENAMIENTOTERRITORIAL.Catastro_SCat NO_TEST "SCACODIGO "Identificador unico del sector catastral" true true false 6 Text 0 0 ,First,#,E:\CargueInformacion\MapasPro.sde\ORDENAMIENTOTERRITORIAL.Catastro\ORDENAMIENTOTERRITORIAL.Catastro_SCat,SCACODIGO,-1,-1;SCATIPO "Tipo de sector catastral" true true false 4 Long 0 10 ,First,#,E:\CargueInformacion\MapasPro.sde\ORDENAMIENTOTERRITORIAL.Catastro\ORDENAMIENTOTERRITORIAL.Catastro_SCat,SCATIPO,-1,-1;SCANOMBRE "Nombre del sector catastral" true true false 60 Text 0 0 ,First,#,E:\CargueInformacion\MapasPro.sde\ORDENAMIENTOTERRITORIAL.Catastro\ORDENAMIENTOTERRITORIAL.Catastro_SCat,SCANOMBRE,-1,-1;SHAPE_AREA "SHAPE_AREA" false false true 0 Double 0 0 ,First,#,E:\CargueInformacion\MapasPro.sde\ORDENAMIENTOTERRITORIAL.Catastro\ORDENAMIENTOTERRITORIAL.Catastro_SCat,SHAPE.AREA,-1,-1;SHAPE_LEN "SHAPE_LEN" false false true 0 Double 0 0 ,First,#,E:\CargueInformacion\MapasPro.sde\ORDENAMIENTOTERRITORIAL.Catastro\ORDENAMIENTOTERRITORIAL.Catastro_SCat,SHAPE.LEN,-1,-1;SCACODIGO "Sector_ID" true true false 6 Text 0 0 ,First,#,E:\CargueInformacion\scratch.gdb\sectoresproW,SECSECT_ID,-1,-1;SCaNombre "Nombre" true true false 60 Text 0 0 ,First,#,E:\CargueInformacion\scratch.gdb\sectoresproW,SECNOMBRE,-1,-1;SCaTipo "Tipo_Sector" true true false 4 Long 0 0 ,First,#,E:\CargueInformacion\scratch.gdb\sectoresproW,SECTSECTOR,-1,-1" #</Process><Process ToolSource="c:\program files\arcgis\server\ArcToolbox\Toolboxes\Data Management Tools.tbx\TruncateTable" Date="20190825" Time="180038">TruncateTable E:\CargueInformacion\MapasPro.sde\ORDENAMIENTOTERRITORIAL.Catastro\ORDENAMIENTOTERRITORIAL.Catastro_SCat</Process><Process ToolSource="c:\program files\arcgis\server\ArcToolbox\Toolboxes\Data Management Tools.tbx\Append" Date="20190825" Time="180057">Append E:\CargueInformacion\scratch.gdb\sectoresproW E:\CargueInformacion\MapasPro.sde\ORDENAMIENTOTERRITORIAL.Catastro\ORDENAMIENTOTERRITORIAL.Catastro_SCat NO_TEST "SCACODIGO "Identificador unico del sector catastral" true true false 6 Text 0 0 ,First,#,E:\CargueInformacion\MapasPro.sde\ORDENAMIENTOTERRITORIAL.Catastro\ORDENAMIENTOTERRITORIAL.Catastro_SCat,SCACODIGO,-1,-1;SCATIPO "Tipo de sector catastral" true true false 4 Long 0 10 ,First,#,E:\CargueInformacion\MapasPro.sde\ORDENAMIENTOTERRITORIAL.Catastro\ORDENAMIENTOTERRITORIAL.Catastro_SCat,SCATIPO,-1,-1;SCANOMBRE "Nombre del sector catastral" true true false 60 Text 0 0 ,First,#,E:\CargueInformacion\MapasPro.sde\ORDENAMIENTOTERRITORIAL.Catastro\ORDENAMIENTOTERRITORIAL.Catastro_SCat,SCANOMBRE,-1,-1;SHAPE_AREA "SHAPE_AREA" false false true 0 Double 0 0 ,First,#,E:\CargueInformacion\MapasPro.sde\ORDENAMIENTOTERRITORIAL.Catastro\ORDENAMIENTOTERRITORIAL.Catastro_SCat,SHAPE.AREA,-1,-1;SHAPE_LEN "SHAPE_LEN" false false true 0 Double 0 0 ,First,#,E:\CargueInformacion\MapasPro.sde\ORDENAMIENTOTERRITORIAL.Catastro\ORDENAMIENTOTERRITORIAL.Catastro_SCat,SHAPE.LEN,-1,-1;SCACODIGO "Sector_ID" true true false 6 Text 0 0 ,First,#,E:\CargueInformacion\scratch.gdb\sectoresproW,SECSECT_ID,-1,-1;SCaNombre "Nombre" true true false 60 Text 0 0 ,First,#,E:\CargueInformacion\scratch.gdb\sectoresproW,SECNOMBRE,-1,-1;SCaTipo "Tipo_Sector" true true false 4 Long 0 0 ,First,#,E:\CargueInformacion\scratch.gdb\sectoresproW,SECTSECTOR,-1,-1" #</Process><Process ToolSource="c:\program files\arcgis\server\ArcToolbox\Toolboxes\Data Management Tools.tbx\TruncateTable" Date="20190929" Time="180036">TruncateTable E:\CargueInformacion\MapasPro.sde\ORDENAMIENTOTERRITORIAL.Catastro\ORDENAMIENTOTERRITORIAL.Catastro_SCat</Process><Process ToolSource="c:\program files\arcgis\server\ArcToolbox\Toolboxes\Data Management Tools.tbx\Append" Date="20190929" Time="180049">Append E:\CargueInformacion\scratch.gdb\sectoresproW E:\CargueInformacion\MapasPro.sde\ORDENAMIENTOTERRITORIAL.Catastro\ORDENAMIENTOTERRITORIAL.Catastro_SCat NO_TEST "SCACODIGO "Identificador unico del sector catastral" true true false 6 Text 0 0 ,First,#,E:\CargueInformacion\MapasPro.sde\ORDENAMIENTOTERRITORIAL.Catastro\ORDENAMIENTOTERRITORIAL.Catastro_SCat,SCACODIGO,-1,-1;SCATIPO "Tipo de sector catastral" true true false 4 Long 0 10 ,First,#,E:\CargueInformacion\MapasPro.sde\ORDENAMIENTOTERRITORIAL.Catastro\ORDENAMIENTOTERRITORIAL.Catastro_SCat,SCATIPO,-1,-1;SCANOMBRE "Nombre del sector catastral" true true false 60 Text 0 0 ,First,#,E:\CargueInformacion\MapasPro.sde\ORDENAMIENTOTERRITORIAL.Catastro\ORDENAMIENTOTERRITORIAL.Catastro_SCat,SCANOMBRE,-1,-1;GLOBALID "GLOBALID" false false false 38 GlobalID 0 0 ,First,#,E:\CargueInformacion\MapasPro.sde\ORDENAMIENTOTERRITORIAL.Catastro\ORDENAMIENTOTERRITORIAL.Catastro_SCat,GLOBALID,-1,-1;SHAPE_AREA "SHAPE_AREA" false false true 0 Double 0 0 ,First,#,E:\CargueInformacion\MapasPro.sde\ORDENAMIENTOTERRITORIAL.Catastro\ORDENAMIENTOTERRITORIAL.Catastro_SCat,SHAPE.AREA,-1,-1;SHAPE_LEN "SHAPE_LEN" false false true 0 Double 0 0 ,First,#,E:\CargueInformacion\MapasPro.sde\ORDENAMIENTOTERRITORIAL.Catastro\ORDENAMIENTOTERRITORIAL.Catastro_SCat,SHAPE.LEN,-1,-1;SCACODIGO "Sector_ID" true true false 6 Text 0 0 ,First,#,E:\CargueInformacion\scratch.gdb\sectoresproW,SECSECT_ID,-1,-1;SCaNombre "Nombre" true true false 60 Text 0 0 ,First,#,E:\CargueInformacion\scratch.gdb\sectoresproW,SECNOMBRE,-1,-1;SCaTipo "Tipo_Sector" true true false 4 Long 0 0 ,First,#,E:\CargueInformacion\scratch.gdb\sectoresproW,SECTSECTOR,-1,-1" #</Process><Process ToolSource="c:\program files\arcgis\server\ArcToolbox\Toolboxes\Data Management Tools.tbx\TruncateTable" Date="20191027" Time="180052">TruncateTable E:\CargueInformacion\MapasPro.sde\ORDENAMIENTOTERRITORIAL.Catastro\ORDENAMIENTOTERRITORIAL.Catastro_SCat</Process><Process ToolSource="c:\program files\arcgis\server\ArcToolbox\Toolboxes\Data Management Tools.tbx\Append" Date="20191027" Time="180103">Append E:\CargueInformacion\scratch.gdb\sectoresproW E:\CargueInformacion\MapasPro.sde\ORDENAMIENTOTERRITORIAL.Catastro\ORDENAMIENTOTERRITORIAL.Catastro_SCat NO_TEST "SCACODIGO "Identificador unico del sector catastral" true true false 6 Text 0 0 ,First,#,E:\CargueInformacion\MapasPro.sde\ORDENAMIENTOTERRITORIAL.Catastro\ORDENAMIENTOTERRITORIAL.Catastro_SCat,SCACODIGO,-1,-1;SCATIPO "Tipo de sector catastral" true true false 4 Long 0 10 ,First,#,E:\CargueInformacion\MapasPro.sde\ORDENAMIENTOTERRITORIAL.Catastro\ORDENAMIENTOTERRITORIAL.Catastro_SCat,SCATIPO,-1,-1;SCANOMBRE "Nombre del sector catastral" true true false 60 Text 0 0 ,First,#,E:\CargueInformacion\MapasPro.sde\ORDENAMIENTOTERRITORIAL.Catastro\ORDENAMIENTOTERRITORIAL.Catastro_SCat,SCANOMBRE,-1,-1;GLOBALID "GLOBALID" false false false 38 GlobalID 0 0 ,First,#,E:\CargueInformacion\MapasPro.sde\ORDENAMIENTOTERRITORIAL.Catastro\ORDENAMIENTOTERRITORIAL.Catastro_SCat,GLOBALID,-1,-1;SHAPE_AREA "SHAPE_AREA" false false true 0 Double 0 0 ,First,#,E:\CargueInformacion\MapasPro.sde\ORDENAMIENTOTERRITORIAL.Catastro\ORDENAMIENTOTERRITORIAL.Catastro_SCat,SHAPE.AREA,-1,-1;SHAPE_LEN "SHAPE_LEN" false false true 0 Double 0 0 ,First,#,E:\CargueInformacion\MapasPro.sde\ORDENAMIENTOTERRITORIAL.Catastro\ORDENAMIENTOTERRITORIAL.Catastro_SCat,SHAPE.LEN,-1,-1;SCACODIGO "Sector_ID" true true false 6 Text 0 0 ,First,#,E:\CargueInformacion\scratch.gdb\sectoresproW,SECSECT_ID,-1,-1;SCaNombre "Nombre" true true false 60 Text 0 0 ,First,#,E:\CargueInformacion\scratch.gdb\sectoresproW,SECNOMBRE,-1,-1;SCaTipo "Tipo_Sector" true true false 4 Long 0 0 ,First,#,E:\CargueInformacion\scratch.gdb\sectoresproW,SECTSECTOR,-1,-1" #</Process><Process ToolSource="c:\program files\arcgis\server\ArcToolbox\Toolboxes\Data Management Tools.tbx\TruncateTable" Date="20191124" Time="180033">TruncateTable E:\CargueInformacion\MapasPro.sde\ORDENAMIENTOTERRITORIAL.Catastro\ORDENAMIENTOTERRITORIAL.Catastro_SCat</Process><Process ToolSource="c:\program files\arcgis\server\ArcToolbox\Toolboxes\Data Management Tools.tbx\Append" Date="20191124" Time="180052">Append E:\CargueInformacion\scratch.gdb\sectoresproW E:\CargueInformacion\MapasPro.sde\ORDENAMIENTOTERRITORIAL.Catastro\ORDENAMIENTOTERRITORIAL.Catastro_SCat NO_TEST "SCACODIGO "Identificador unico del sector catastral" true true false 6 Text 0 0 ,First,#,E:\CargueInformacion\MapasPro.sde\ORDENAMIENTOTERRITORIAL.Catastro\ORDENAMIENTOTERRITORIAL.Catastro_SCat,SCACODIGO,-1,-1;SCATIPO "Tipo de sector catastral" true true false 4 Long 0 10 ,First,#,E:\CargueInformacion\MapasPro.sde\ORDENAMIENTOTERRITORIAL.Catastro\ORDENAMIENTOTERRITORIAL.Catastro_SCat,SCATIPO,-1,-1;SCANOMBRE "Nombre del sector catastral" true true false 60 Text 0 0 ,First,#,E:\CargueInformacion\MapasPro.sde\ORDENAMIENTOTERRITORIAL.Catastro\ORDENAMIENTOTERRITORIAL.Catastro_SCat,SCANOMBRE,-1,-1;GLOBALID "GLOBALID" false false false 38 GlobalID 0 0 ,First,#,E:\CargueInformacion\MapasPro.sde\ORDENAMIENTOTERRITORIAL.Catastro\ORDENAMIENTOTERRITORIAL.Catastro_SCat,GLOBALID,-1,-1;SHAPE_AREA "SHAPE_AREA" false false true 0 Double 0 0 ,First,#,E:\CargueInformacion\MapasPro.sde\ORDENAMIENTOTERRITORIAL.Catastro\ORDENAMIENTOTERRITORIAL.Catastro_SCat,SHAPE.AREA,-1,-1;SHAPE_LEN "SHAPE_LEN" false false true 0 Double 0 0 ,First,#,E:\CargueInformacion\MapasPro.sde\ORDENAMIENTOTERRITORIAL.Catastro\ORDENAMIENTOTERRITORIAL.Catastro_SCat,SHAPE.LEN,-1,-1;SCACODIGO "Sector_ID" true true false 6 Text 0 0 ,First,#,E:\CargueInformacion\scratch.gdb\sectoresproW,SECSECT_ID,-1,-1;SCaNombre "Nombre" true true false 60 Text 0 0 ,First,#,E:\CargueInformacion\scratch.gdb\sectoresproW,SECNOMBRE,-1,-1;SCaTipo "Tipo_Sector" true true false 4 Long 0 0 ,First,#,E:\CargueInformacion\scratch.gdb\sectoresproW,SECTSECTOR,-1,-1" #</Process><Process ToolSource="c:\program files\arcgis\server\ArcToolbox\Toolboxes\Data Management Tools.tbx\TruncateTable" Date="20200223" Time="180054">TruncateTable E:\CargueInformacion\MapasPro.sde\ORDENAMIENTOTERRITORIAL.Catastro\ORDENAMIENTOTERRITORIAL.Catastro_SCat</Process><Process ToolSource="c:\program files\arcgis\server\ArcToolbox\Toolboxes\Data Management Tools.tbx\Append" Date="20200223" Time="180116">Append E:\CargueInformacion\scratch.gdb\sectoresproW E:\CargueInformacion\MapasPro.sde\ORDENAMIENTOTERRITORIAL.Catastro\ORDENAMIENTOTERRITORIAL.Catastro_SCat NO_TEST "SCACODIGO "Identificador unico del sector catastral" true true false 6 Text 0 0 ,First,#,E:\CargueInformacion\MapasPro.sde\ORDENAMIENTOTERRITORIAL.Catastro\ORDENAMIENTOTERRITORIAL.Catastro_SCat,SCACODIGO,-1,-1;SCATIPO "Tipo de sector catastral" true true false 4 Long 0 10 ,First,#,E:\CargueInformacion\MapasPro.sde\ORDENAMIENTOTERRITORIAL.Catastro\ORDENAMIENTOTERRITORIAL.Catastro_SCat,SCATIPO,-1,-1;SCANOMBRE "Nombre del sector catastral" true true false 60 Text 0 0 ,First,#,E:\CargueInformacion\MapasPro.sde\ORDENAMIENTOTERRITORIAL.Catastro\ORDENAMIENTOTERRITORIAL.Catastro_SCat,SCANOMBRE,-1,-1;GLOBALID "GLOBALID" false false false 38 GlobalID 0 0 ,First,#,E:\CargueInformacion\MapasPro.sde\ORDENAMIENTOTERRITORIAL.Catastro\ORDENAMIENTOTERRITORIAL.Catastro_SCat,GLOBALID,-1,-1;SHAPE_AREA "SHAPE_AREA" false false true 0 Double 0 0 ,First,#,E:\CargueInformacion\MapasPro.sde\ORDENAMIENTOTERRITORIAL.Catastro\ORDENAMIENTOTERRITORIAL.Catastro_SCat,SHAPE.AREA,-1,-1;SHAPE_LEN "SHAPE_LEN" false false true 0 Double 0 0 ,First,#,E:\CargueInformacion\MapasPro.sde\ORDENAMIENTOTERRITORIAL.Catastro\ORDENAMIENTOTERRITORIAL.Catastro_SCat,SHAPE.LEN,-1,-1;SCACODIGO "Sector_ID" true true false 6 Text 0 0 ,First,#,E:\CargueInformacion\scratch.gdb\sectoresproW,SECSECT_ID,-1,-1;SCaNombre "Nombre" true true false 60 Text 0 0 ,First,#,E:\CargueInformacion\scratch.gdb\sectoresproW,SECNOMBRE,-1,-1;SCaTipo "Tipo_Sector" true true false 4 Long 0 0 ,First,#,E:\CargueInformacion\scratch.gdb\sectoresproW,SECTSECTOR,-1,-1" #</Process><Process ToolSource="c:\program files\arcgis\pro\Resources\ArcToolbox\toolboxes\Conversion Tools.tbx\FeatureClassToFeatureClass" Date="20200228" Time="075144">FeatureClassToFeatureClass D:\Contenedor\Users\hcalderon\Documents\ArcGIS\Projects\catastro\mapaspro.sde\ORDENAMIENTOTERRITORIAL.Catastro\ORDENAMIENTOTERRITORIAL.Catastro_SCat "D:\Contenedor\Users\hcalderon\Desktop\GIC\PUBLICACION DE DATOS\publicacion_28_02_2020\MR_0220.gdb\Area_Catastral" scat # "SCACODIGO "Identificador unico del sector catastral" true true false 6 Text 0 0,First,#,D:\Contenedor\Users\hcalderon\Documents\ArcGIS\Projects\catastro\mapaspro.sde\ORDENAMIENTOTERRITORIAL.Catastro\ORDENAMIENTOTERRITORIAL.Catastro_SCat,SCACODIGO,0,6;SCATIPO "Tipo de sector catastral" true true false 4 Long 0 10,First,#,D:\Contenedor\Users\hcalderon\Documents\ArcGIS\Projects\catastro\mapaspro.sde\ORDENAMIENTOTERRITORIAL.Catastro\ORDENAMIENTOTERRITORIAL.Catastro_SCat,SCATIPO,-1,-1;SCANOMBRE "Nombre del sector catastral" true true false 60 Text 0 0,First,#,D:\Contenedor\Users\hcalderon\Documents\ArcGIS\Projects\catastro\mapaspro.sde\ORDENAMIENTOTERRITORIAL.Catastro\ORDENAMIENTOTERRITORIAL.Catastro_SCat,SCANOMBRE,0,60;GLOBALID "GLOBALID" false false false 38 GlobalID 0 0,First,#,D:\Contenedor\Users\hcalderon\Documents\ArcGIS\Projects\catastro\mapaspro.sde\ORDENAMIENTOTERRITORIAL.Catastro\ORDENAMIENTOTERRITORIAL.Catastro_SCat,GLOBALID,-1,-1" #</Process></lineage></DataProperties><SyncDate>20200228</SyncDate><SyncTime>07514200</SyncTime><ModDate>20200228</ModDate><ModTime>07514200</ModTime></Esri><dataIdInfo><envirDesc Sync="TRUE">Microsoft Windows 10 Version 10.0 (Build 17134) ; Esri ArcGIS 12.1.0.10257</envirDesc><dataLang><languageCode value="spa" country="COL"></languageCode><countryCode value="COL" Sync="TRUE"></countryCode></dataLang><idCitation><resTitle Sync="TRUE">scat</resTitle><presForm><PresFormCd value="005"></PresFormCd></presForm></idCitation><descKeys><thesaName uuidref="723f6998-058e-11dc-8314-0800200c9a66"></thesaName><keyword Sync="TRUE">002</keyword></descKeys><spatRpType><SpatRepTypCd value="001"></SpatRepTypCd></spatRpType></dataIdInfo><mdLang><languageCode value="spa"></languageCode><countryCode value="COL" Sync="TRUE"></countryCode></mdLang><distInfo><distFormat><formatName Sync="TRUE">Clase de entidad de geodatabase de archivos</formatName></distFormat></distInfo><mdHrLv><ScopeCd value="005"></ScopeCd></mdHrLv><mdHrLvName Sync="TRUE">dataset</mdHrLvName><refSysInfo><RefSystem><refSysID><identCode code="4686"></identCode><idCodeSpace Sync="TRUE">EPSG</idCodeSpace><idVersion Sync="TRUE">7.4.1</idVersion></refSysID></RefSystem></refSysInfo><spdoinfo><ptvctinf><esriterm Name="scat"><efeatyp Sync="TRUE">Simple</efeatyp><efeageom code="4" Sync="TRUE"></efeageom><esritopo Sync="TRUE">FALSE</esritopo><efeacnt Sync="TRUE">0</efeacnt><spindex Sync="TRUE">TRUE</spindex><linrefer Sync="TRUE">FALSE</linrefer></esriterm></ptvctinf></spdoinfo><spatRepInfo><VectSpatRep><geometObjs Name="scat"><geoObjTyp><GeoObjTypCd value="002" Sync="TRUE"></GeoObjTypCd></geoObjTyp><geoObjCnt Sync="TRUE">0</geoObjCnt></geometObjs><topLvl><TopoLevCd value="001" Sync="TRUE"></TopoLevCd></topLvl></VectSpatRep></spatRepInfo><eainfo><detailed Name="scat"><enttyp><enttypl Sync="TRUE">scat</enttypl><enttypt Sync="TRUE">Feature Class</enttypt><enttypc Sync="TRUE">0</enttypc></enttyp><attr><attrlabl Sync="TRUE">OBJECTID</attrlabl><attalias Sync="TRUE">OBJECTID</attalias><attrtype Sync="TRUE">OID</attrtype><attwidth Sync="TRUE">4</attwidth><atprecis Sync="TRUE">0</atprecis><attscale Sync="TRUE">0</attscale><attrdef Sync="TRUE">Internal feature number.</attrdef><attrdefs Sync="TRUE">ESRI</attrdefs><attrdomv><udom Sync="TRUE">Sequential unique whole numbers that are automatically generated.</udom></attrdomv></attr><attr><attrlabl Sync="TRUE">SHAPE</attrlabl><attalias Sync="TRUE">Shape</attalias><attrtype Sync="TRUE">Geometry</attrtype><attwidth Sync="TRUE">0</attwidth><atprecis Sync="TRUE">0</atprecis><attscale Sync="TRUE">0</attscale><attrdef Sync="TRUE">Feature geometry.</attrdef><attrdefs Sync="TRUE">ESRI</attrdefs><attrdomv><udom Sync="TRUE">Coordinates defining the features.</udom></attrdomv></attr><attr><attrlabl Sync="TRUE">SCaCodigo</attrlabl><attalias Sync="TRUE">Identificador unico del sector catastral</attalias><attrtype Sync="TRUE">String</attrtype><attwidth Sync="TRUE">6</attwidth><atprecis Sync="TRUE">0</atprecis><attscale Sync="TRUE">0</attscale></attr><attr><attrlabl Sync="TRUE">SCaTipo</attrlabl><attalias Sync="TRUE">Tipo de sector catastral</attalias><attrtype Sync="TRUE">Integer</attrtype><attwidth Sync="TRUE">4</attwidth><atprecis Sync="TRUE">0</atprecis><attscale Sync="TRUE">0</attscale></attr><attr><attrlabl Sync="TRUE">SCaNombre</attrlabl><attalias Sync="TRUE">Nombre del sector catastral</attalias><attrtype Sync="TRUE">String</attrtype><attwidth Sync="TRUE">60</attwidth><atprecis Sync="TRUE">0</atprecis><attscale Sync="TRUE">0</attscale></attr><attr><attrlabl Sync="TRUE">SHAPE_Length</attrlabl><attalias Sync="TRUE">Shape_Length</attalias><attrtype Sync="TRUE">Double</attrtype><attwidth Sync="TRUE">8</attwidth><atprecis Sync="TRUE">0</atprecis><attscale Sync="TRUE">0</attscale><attrdef Sync="TRUE">Length of feature in internal units.</attrdef><attrdefs Sync="TRUE">ESRI</attrdefs><attrdomv><udom Sync="TRUE">Positive real numbers that are automatically generated.</udom></attrdomv></attr><attr><attrlabl Sync="TRUE">SHAPE_Area</attrlabl><attalias Sync="TRUE">Shape_Area</attalias><attrtype Sync="TRUE">Double</attrtype><attwidth Sync="TRUE">8</attwidth><atprecis Sync="TRUE">0</atprecis><attscale Sync="TRUE">0</attscale><attrdef Sync="TRUE">Area of feature in internal units squared.</attrdef><attrdefs Sync="TRUE">ESRI</attrdefs><attrdomv><udom Sync="TRUE">Positive real numbers that are automatically generated.</udom></attrdomv></attr><subtype><stname Sync="TRUE">Mixto</stname><stcode Sync="TRUE">2</stcode><stfield><stfldnm Sync="TRUE">SCATIPO</stfldnm><stflddv Sync="TRUE">0</stflddv></stfield></subtype><attr><attrlabl Sync="TRUE">GLOBALID</attrlabl><attalias Sync="TRUE">GLOBALID</attalias><attrtype Sync="TRUE">GlobalID</attrtype><attwidth Sync="TRUE">38</attwidth><atprecis Sync="TRUE">0</atprecis><attscale Sync="TRUE">0</attscale></attr><subtype><stname Sync="TRUE">Urbano</stname><stcode Sync="TRUE">0</stcode><stfield><stfldnm Sync="TRUE">SCaTipo</stfldnm><stflddv Sync="TRUE">0</stflddv></stfield></subtype><subtype><stname Sync="TRUE">Rural</stname><stcode Sync="TRUE">1</stcode><stfield><stfldnm Sync="TRUE">SCaTipo</stfldnm><stflddv Sync="TRUE">0</stflddv></stfield></subtype></detailed></eainfo><mdDateSt Sync="TRUE">20200228</mdDateSt></metadata>
